id,created_at,name,slug,updated_at,url,checksum
37807,1681834829,angle,angle,1681834829,https://www.igdb.com/categories/angle,59a65269-5326-37eb-60ad-331696f89c75
37871,1682512251,zuma clone,zuma-clone,1682512251,https://www.igdb.com/categories/zuma-clone,a30a253b-b77f-36a5-fafc-5108dc579c45
37921,1682877932,dreamcore,dreamcore,1682877932,https://www.igdb.com/categories/dreamcore,849ed65e-6128-b5cd-283b-3719f97e5a1d
38674,1687917697,yoshi's story,yoshis-story,1687917697,https://www.igdb.com/categories/yoshis-story,be9d3cfd-a25e-4fa6-12d2-185b77176c93
38902,1689619070,cartoon,cartoon,1689619070,https://www.igdb.com/categories/cartoon,c3b0f15b-715e-6afa-9282-ce72b4b512df
37824,1682058076,spot the difference,spot-the-difference,1682058076,https://www.igdb.com/categories/spot-the-difference,deefc418-39b4-1afa-5d24-ec0c4c66877d
39292,1692090833,launching game,launching-game,1692124072,https://www.igdb.com/categories/launching-game,2b203d98-24b3-f899-2d48-38d5f6331f5a
37800,1681784148,minecraft datapack,minecraft-datapack,1681784148,https://www.igdb.com/categories/minecraft-datapack,daa96a55-e578-a194-e8ba-eef3ee46bb35
497,1383223612,summoning support,summoning-support,1685415954,https://www.igdb.com/categories/summoning-support,8001198a-b232-27f5-37a2-f0d1b7635b0f
494,1383091200,squad based,squad-based,1383091200,https://www.igdb.com/categories/squad-based,7c03c1fa-27d5-418b-eb43-160d1cc003f9
44,1321142400,ice hockey,ice-hockey,1323216000,https://www.igdb.com/categories/ice-hockey,010e3807-c9de-ed25-3dac-9b7468110233
37816,1681916577,vt09,vt09,1681916577,https://www.igdb.com/categories/vt09,2d64bf7d-2218-91c4-7673-2c5d072425aa
9159,1507593600,crucifix,crucifix,1507593600,https://www.igdb.com/categories/crucifix,b40d8f65-0e0c-0397-942a-a7ae38706a98
705,1390608000,swordplay,swordplay,1390608000,https://www.igdb.com/categories/swordplay,180dafa5-9095-f7c3-8978-24b8405c4f2d
3918,1499731200,ogres,ogres,1499731200,https://www.igdb.com/categories/ogres,e1643a80-9007-8ee5-115b-72fc01b108b0
1937,1442448000,otome,otome,1442448000,https://www.igdb.com/categories/otome,6f9d2785-5797-75c7-42e2-7d7dce0f597d
623,1389052800,horse,horse,1389052800,https://www.igdb.com/categories/horse,f1da837b-34e2-10c1-7018-12bdb28378c7
37943,1683126628,bloons,bloons,1683126628,https://www.igdb.com/categories/bloons,518cba40-760e-2a4d-0117-f346df94f7ef
1280,1414627200,reviewed by avgn,reviewed-by-avgn,1414627200,https://www.igdb.com/categories/reviewed-by-avgn,1fc59c0a-a971-2491-f83a-85b97c1b647a
37872,1682519010,vt03,vt03,1682519010,https://www.igdb.com/categories/vt03,3f7340a5-e745-2f95-93f5-a79e8f0ae10e
1370,1421452800,prehistoric,prehistoric,1421452800,https://www.igdb.com/categories/prehistoric,4b005bcb-528d-99f1-651d-47df05fb81ec
38675,1687918255,wario land ii,wario-land-ii,1687918255,https://www.igdb.com/categories/wario-land-ii,6a8aec12-47a8-b868-5db1-1393160da5f1
7379,1507248000,goose,goose,1507248000,https://www.igdb.com/categories/goose,facb9b00-bb87-0597-6b00-80ab3f36c818
23235,1535572713,riddles,riddles,1685429345,https://www.igdb.com/categories/riddles,11f8d2a6-71a5-20be-f7ea-23eaa6d7e2f4
38235,1685432176,1970s,1970s,1685432176,https://www.igdb.com/categories/1970s,e8368464-f5b1-1c78-1711-f2bfca31d5c8
38903,1689624868,splatoon,splatoon,1689624868,https://www.igdb.com/categories/splatoon,243789c6-b4d4-6acd-f65d-7e8d63bfc8fd
37815,1681916577,vtxx,vtxx,1681916577,https://www.igdb.com/categories/vtxx,df3c7fd7-4876-a256-8d5c-e72d193d9511
11507,1512691200,united federation of planets,united-federation-of-planets,1512691200,https://www.igdb.com/categories/united-federation-of-planets,458b61ff-6f51-238e-64a5-0eb7a30ecd3a
37825,1682068403,balloon world,balloon-world,1682068403,https://www.igdb.com/categories/balloon-world,0bbfe070-c390-ab74-6112-d4bf01366674
51,1321488000,space strategy,space-strategy,1323216000,https://www.igdb.com/categories/space-strategy,d7d57674-a79a-afc9-ad4c-b2db9db99731
38038,1684227560,drawing,drawing,1684227560,https://www.igdb.com/categories/drawing,72be75aa-1dd3-8083-34bc-db98e14156d1
66,1322524800,simulated reality,simulated-reality,1323216000,https://www.igdb.com/categories/simulated-reality,3c531a57-b95a-f8c1-7d81-33b6e3613735
4154,1507075200,pax west 2017,pax-west-2017,1507075200,https://www.igdb.com/categories/pax-west-2017,f8c174bf-7e74-44ff-c9ac-ef93e7c5d758
869,1394064000,wrestlemania,wrestlemania,1394064000,https://www.igdb.com/categories/wrestlemania,98e577a5-e31d-1ce5-2c9e-46aca2ae6a18
8900,1507507200,yandere,yandere,1507507200,https://www.igdb.com/categories/yandere,3c818037-94bc-945e-1fcd-834d3811b05c
1193,1408579200,parallel worlds,parallel-worlds,1408579200,https://www.igdb.com/categories/parallel-worlds,b1a4c5e8-6790-6a88-7607-81a801a80133
37826,1682079503,level mod,level-mod,1682079503,https://www.igdb.com/categories/level-mod,f302e259-9a4e-9687-04c9-ae31c46b0b95
37873,1682523050,vt02,vt02,1682523050,https://www.igdb.com/categories/vt02,a64af8be-c994-9e7e-944e-010addb88116
37944,1683141555,spacetime,spacetime,1683141555,https://www.igdb.com/categories/spacetime,ec7b17df-1387-9549-0d74-e85db7be4b6a
39692,1695147324,xavix port,xavix-port,1695147324,https://www.igdb.com/categories/xavix-port,2fab75ee-b8a0-0a86-eb5b-3ce948c3cc2f
37923,1682931083,retro arcade shooter,retro-arcade-shooter,1682931083,https://www.igdb.com/categories/retro-arcade-shooter,e8a4a261-448e-d783-247c-cde7309bc711
37810,1681890942,tales of vogar,tales-of-vogar,1681890942,https://www.igdb.com/categories/tales-of-vogar,fe17475c-5e2e-7787-a701-15edcd247eaf
1392,1423353600,dungeon management,dungeon-management,1423353600,https://www.igdb.com/categories/dungeon-management,d7dd9c86-e818-a965-ea5b-5db03bc5ca31
4396,1507075200,damsel in distress,damsel-in-distress,1507075200,https://www.igdb.com/categories/damsel-in-distress,ad3e60e9-498e-fa66-00e9-7211124bef66
38015,1683926641,graphite lab,graphite-lab,1683926641,https://www.igdb.com/categories/graphite-lab,79b7659b-18ab-5a7c-f3c0-27bd6f416483
37806,1681813554,roadtrip,roadtrip,1681813554,https://www.igdb.com/categories/roadtrip,f2621750-7a9e-cccd-299d-a7a23b192277
38236,1685432357,based on - web show,based-on-web-show,1685932579,https://www.igdb.com/categories/based-on-web-show,1924e5ef-881d-128e-bf68-34bf8f9300f4
4213,1507075200,countdown timer,countdown-timer,1507075200,https://www.igdb.com/categories/countdown-timer,8c00d7de-7d9f-0ddd-0387-c956f0a8825d
20276,1528848000,flight simulation,flight-simulation,1528848000,https://www.igdb.com/categories/flight-simulation,7eb443ec-b0c5-0114-6053-643330aa8ffa
11763,1512691200,linear overworld,linear-overworld,1512691200,https://www.igdb.com/categories/linear-overworld,ee84d46c-a2e4-9382-66ea-778e534199ca
8779,1507507200,flip screen,flip-screen,1507507200,https://www.igdb.com/categories/flip-screen,d7a0d698-97e9-8bb1-815e-acb38917a42e
37805,1681813554,sunrise,sunrise,1681813554,https://www.igdb.com/categories/sunrise,417c1b2b-5648-5984-7e4d-7f86e5291a49
4410,1507075200,game reference,game-reference,1507075200,https://www.igdb.com/categories/game-reference,f799696c-0275-bbad-1d89-07e7a10fa36e
1971,1444262400,over the shoulder,over-the-shoulder,1444262400,https://www.igdb.com/categories/over-the-shoulder,704fde2c-270e-dd97-48a8-01a4665f7409
313,1372809600,rugby,rugby,1372809600,https://www.igdb.com/categories/rugby,da84078a-b086-d7e2-a385-9d471b4b7de2
2002,1445212800,economy,economy,1445212800,https://www.igdb.com/categories/economy,3601a5a5-0355-121a-6cc6-60fb29c2bfc8
12225,1512691200,region locked,region-locked,1512691200,https://www.igdb.com/categories/region-locked,bf20f99c-e0c6-29a9-bf07-705787de7010
15242,1512864000,interactive achievement awards 1999,interactive-achievement-awards-1999,1512864000,https://www.igdb.com/categories/interactive-achievement-awards-1999,a0c0abcc-d3c4-44b4-ca61-5ff3d9f15b5a
37811,1681890942,lost descendants,lost-descendants,1681890942,https://www.igdb.com/categories/lost-descendants,73a253d3-bfae-7965-0847-203083511109
37926,1682950182,heavy from team fortress 2,heavy-from-team-fortress-2,1682950182,https://www.igdb.com/categories/heavy-from-team-fortress-2,ccf40217-a9e3-6463-dc89-42e636aaf961
37928,1682950182,ibm,ibm,1682950182,https://www.igdb.com/categories/ibm,41f1c0ce-e8f8-6c8e-982d-96ef0dff7324
37874,1682528442,101 dalmatians,101-dalmatians,1682528442,https://www.igdb.com/categories/101-dalmatians,0ff4ca73-a192-3919-e178-1040365fc89d
9525,1507680000,screen overlay,screen-overlay,1507680000,https://www.igdb.com/categories/screen-overlay,5d73d4e2-8259-d8e6-9620-a047c6fd2889
9544,1507680000,milkshake,milkshake,1507680000,https://www.igdb.com/categories/milkshake,0d424d59-140b-ed06-8295-a7259bca1f1e
37927,1682950182,demoman from team fortress 2,demoman-from-team-fortress-2,1682950182,https://www.igdb.com/categories/demoman-from-team-fortress-2,b5bb5cc8-84f9-9cdc-9ae1-85785516c8e5
158,1369008000,psychological exploration,psychological-exploration,1369008000,https://www.igdb.com/categories/psychological-exploration,4d6c8f10-31cd-594a-5342-14391fb20bca
166,1371859200,shoot 'em up,shoot-em-up,1371859200,https://www.igdb.com/categories/shoot-em-up,3760742e-bb6c-b008-79eb-b5608329705d
170,1371859200,time travel,time-travel,1371859200,https://www.igdb.com/categories/time-travel,8c223aca-8991-005d-2af1-71a2623f6a29
38905,1689686376,blockchain version exists,blockchain-version-exists,1689686376,https://www.igdb.com/categories/blockchain-version-exists,9364f2ba-3f62-b729-b0ae-ead6e66b5939
249,1372464000,pikachu,pikachu,1372464000,https://www.igdb.com/categories/pikachu,02e6c4d4-eafc-603d-20a5-be99492f5fa1
2814,1474848000,hand-drawn,hand-drawn,1474848000,https://www.igdb.com/categories/hand-drawn,24f75ec3-3f6a-f111-6e71-15f5d25b1340
9,1303430400,western,western,1323216000,https://www.igdb.com/categories/western,a86497a9-a95e-b6c1-3613-3e3939b4acf1
367,1373155200,norse mythology,norse-mythology,1373155200,https://www.igdb.com/categories/norse-mythology,e355a367-7973-5ce1-b4a9-063ae32b5619
40203,1698546293,habblet,habblet,1698546293,https://www.igdb.com/categories/habblet,7b289cbb-834c-cdf2-7cba-49f96a6a0f63
37875,1682530994,earthworm jim,earthworm-jim,1682530994,https://www.igdb.com/categories/earthworm-jim,0e4a6c63-3005-4d3e-37df-398f494444ac
37812,1681894875,super mario odyssey mod,super-mario-odyssey-mod,1681894875,https://www.igdb.com/categories/super-mario-odyssey-mod,5b5b7940-9173-7e00-c29a-702c71712588
37821,1681957619,vt3xx,vt3xx,1681957619,https://www.igdb.com/categories/vt3xx,00b8569f-a11d-f08c-1b18-2d788e08c831
37948,1683156682,void,void,1683156682,https://www.igdb.com/categories/void,ad63d9ec-eab8-59b8-5a45-3dba04439f41
38907,1689694324,rumble support,rumble-support,1689694324,https://www.igdb.com/categories/rumble-support,759c9af1-955c-b5b4-c833-a032b7cf69c1
38906,1689694324,game boy player,game-boy-player,1689694324,https://www.igdb.com/categories/game-boy-player,1b65896a-538b-05e2-d2bb-0f15ce966378
8146,1507298736,naval warfare,naval-warfare,1691039731,https://www.igdb.com/categories/naval-warfare,cb72a49d-66f7-4eb6-63f7-7d2e0d658502
4804,1507075200,tag teaming,tag-teaming,1507075200,https://www.igdb.com/categories/tag-teaming,7c118995-0a32-c399-688c-4afe09110531
1849,1440720000,business simulation,business-simulation,1440720000,https://www.igdb.com/categories/business-simulation,b96a49c9-e903-edba-b644-e13b87c35eb5
3017,1478304000,transformation,transformation,1478304000,https://www.igdb.com/categories/transformation,db046e2a-9e20-f1b7-0a3c-4ba053573354
2347,1459987200,mermaid,mermaid,1459987200,https://www.igdb.com/categories/mermaid,aed34b28-19fd-cb39-bfc5-4cad47ae5288
2379,1461110400,cosmic horror,cosmic-horror,1461110400,https://www.igdb.com/categories/cosmic-horror,de6f72b7-7cbe-2332-7870-33ea03c252ac
37876,1682532140,tom and jerry,tom-and-jerry,1682532140,https://www.igdb.com/categories/tom-and-jerry,53bd93c4-da6a-3ec0-0815-14c5a4bac9c7
38682,1687952685,brick game,brick-game,1687952685,https://www.igdb.com/categories/brick-game,616b1524-4e19-6c96-e803-9f2f1de2c818
37814,1681895724,gta mod,gta-mod,1681895724,https://www.igdb.com/categories/gta-mod,9436a83a-6661-49f6-15d9-9b9de7225274
2069,1450915200,pizza,pizza,1450915200,https://www.igdb.com/categories/pizza,b4e1f1f8-ce49-147a-e6f2-c55133f1e54c
38908,1689714975,hard,hard,1689714975,https://www.igdb.com/categories/hard,23ae1069-9bc1-7cad-b41d-e987db5b70ba
37929,1682975150,suvivorslike,suvivorslike,1682975150,https://www.igdb.com/categories/suvivorslike,524e21ad-3e92-a4c7-260b-ec5abf44b6f6
37822,1681966883,unofficial sequel,unofficial-sequel,1681966883,https://www.igdb.com/categories/unofficial-sequel,cfb443ba-0302-5c9e-f925-91998265d68e
37823,1681967073,steamed hams,steamed-hams,1681967073,https://www.igdb.com/categories/steamed-hams,c952bc99-4531-c89e-4fda-763a25087214
37930,1682975961,idle shooter,idle-shooter,1682975961,https://www.igdb.com/categories/idle-shooter,1b5861b3-145f-b7ce-7a84-36e18966faff
4188,1507075200,balloon,balloon,1507075200,https://www.igdb.com/categories/balloon,45fe592b-068f-3eb4-688c-effe2fa4f590
37946,1683156682,tenno,tenno,1683156682,https://www.igdb.com/categories/tenno,dab684bc-e7e0-4f17-4527-0a16205065d8
40204,1698547373,rpgmaker,rpgmaker,1698547373,https://www.igdb.com/categories/rpgmaker,72acbf8e-b434-99c9-1277-55d15424a2f9
2791,1474416000,audio based,audio-based,1474416000,https://www.igdb.com/categories/audio-based,e8ecb70b-aef1-50c8-1d5b-639625629f11
2802,1474588800,jousting,jousting,1474588800,https://www.igdb.com/categories/jousting,8c8a2bee-d808-0b9b-cd06-40eb287003c9
9841,1507680000,pay-to-play,pay-to-play,1507680000,https://www.igdb.com/categories/pay-to-play,ffc027b2-37fb-44d4-9815-fbf15f93f33f
9848,1507680000,rotating joystick control,rotating-joystick-control,1507680000,https://www.igdb.com/categories/rotating-joystick-control,a86babc9-09c1-1076-66db-cab11c723d81
4407,1507075200,skeletons,skeletons,1507075200,https://www.igdb.com/categories/skeletons,83076d63-8ab6-5e3e-f0f9-59ef4be10c57
38684,1687973010,synergies,synergies,1687973010,https://www.igdb.com/categories/synergies,9dffaf3c-8eaa-20b8-1fc3-03fb73d5d46c
39707,1695189032,seoul,seoul,1695189032,https://www.igdb.com/categories/seoul,5efb96ca-0897-e0be-8ad8-a7bc0366cf50
15499,1512864000,nosferatu,nosferatu,1512864000,https://www.igdb.com/categories/nosferatu,db61cc97-91ec-e40e-9996-690706904da1
13544,1512777600,soft reset,soft-reset,1512777600,https://www.igdb.com/categories/soft-reset,b57abd1f-b0b9-997e-8ead-06e65452eea9
3087,1480377600,one-man army,one-man-army,1480377600,https://www.igdb.com/categories/one-man-army,f4ec0c95-0d73-0d4a-81ea-ecbbc558992a
6105,1507248000,psn play,psn-play,1507248000,https://www.igdb.com/categories/psn-play,d1dd4688-7303-bfdd-90cb-4ddd7905c686
3137,1482105600,mafia,mafia,1482105600,https://www.igdb.com/categories/mafia,b5a326e8-34dd-3608-e49d-c09253d6193a
669,1390176000,frog,frog,1390176000,https://www.igdb.com/categories/frog,01478702-299d-5bee-180f-c0cf2092f5c8
2834,1475366400,arcade shooter,arcade-shooter,1475366400,https://www.igdb.com/categories/arcade-shooter,76f2824d-ad12-b8d6-5e65-44efc6ae9e05
1628,1434672000,in-game currency,in-game-currency,1434672000,https://www.igdb.com/categories/in-game-currency,264c1c36-3a4e-1149-6258-7f06581bdc9f
4388,1507075200,shopping,shopping,1507075200,https://www.igdb.com/categories/shopping,629fe060-a1cc-df52-900f-b259e3a3cba9
9006,1507507200,biblical quotes,biblical-quotes,1507507200,https://www.igdb.com/categories/biblical-quotes,33e1987f-9cdd-a3d7-fe0e-a1ea035970d4
7335,1507248000,anarchism,anarchism,1507248000,https://www.igdb.com/categories/anarchism,cc3fed12-78d2-fd9d-b227-de2692b448fe
7389,1507248000,alien protagonist,alien-protagonist,1507248000,https://www.igdb.com/categories/alien-protagonist,e9e34378-8ab1-c32d-e1b9-bc4a59056f72
38683,1687973010,extraction,extraction,1687973010,https://www.igdb.com/categories/extraction,d2d075a1-4ed4-7be2-35aa-76423d8689c2
37877,1682534172,nft racing,nft-racing,1682534172,https://www.igdb.com/categories/nft-racing,d0c547ef-51c6-9014-d691-2e26317b60f4
3497,1489276800,math games,math-games,1489276800,https://www.igdb.com/categories/math-games,d68efb9f-2972-0e43-8fee-50e518d24d31
3502,1489363200,trainer,trainer,1489363200,https://www.igdb.com/categories/trainer,c4f07035-c4c2-abd9-fe0e-ee066d01e658
37934,1683037935,shinobi,shinobi,1683037935,https://www.igdb.com/categories/shinobi,a7202e17-f6de-62b4-2984-601152ca79a5
37949,1683158317,china exclusive,china-exclusive,1683158317,https://www.igdb.com/categories/china-exclusive,16e8cff7-bdd7-8817-f061-7fd4736e7bd4
6170,1507248000,miiverse stamps,miiverse-stamps,1507248000,https://www.igdb.com/categories/miiverse-stamps,706f7364-ea3f-1a00-046e-8452cb0adc44
680,1390348800,college,college,1390348800,https://www.igdb.com/categories/college,a1e176f6-3b1c-d5b0-77d4-dbaa7c0dc755
609,1388534400,sea battles,sea-battles,1388534400,https://www.igdb.com/categories/sea-battles,e8875991-f800-c402-3171-9941392c1577
6385,1507248000,fan service,fan-service,1507248000,https://www.igdb.com/categories/fan-service,79123c78-42f4-cd11-76b7-3f36e2d8a10e
6391,1507248000,new protagonist in sequel,new-protagonist-in-sequel,1507248000,https://www.igdb.com/categories/new-protagonist-in-sequel,d8d0fd61-8226-0e7b-21c5-46cc6a587f88
10516,1507766400,jester,jester,1507766400,https://www.igdb.com/categories/jester,11193521-161e-99df-0c3b-930cd3ec315b
38148,1685028782,ai-generated artwork,ai-generated-artwork,1685028782,https://www.igdb.com/categories/ai-generated-artwork,b8543b15-975c-6bb8-c572-dcbb35eb1889
3577,1490462378,off-roading,off-roading,1685427810,https://www.igdb.com/categories/off-roading,1ebb66d6-3273-45a3-6347-4899060fb3a1
9083,1507593600,super soldier,super-soldier,1507593600,https://www.igdb.com/categories/super-soldier,5d8cef0a-c1bc-e392-6ca6-78c80e77c488
37879,1682534172,polygon blockchain,polygon-blockchain,1682534172,https://www.igdb.com/categories/polygon-blockchain,e2293c22-9644-5099-0830-cc2c9a550c1d
38045,1684273050,metropolis,metropolis,1684273050,https://www.igdb.com/categories/metropolis,7a578672-28a7-c841-3bc9-a24844a4d8fb
39709,1695234068,cloud gaming,cloud-gaming,1695234068,https://www.igdb.com/categories/cloud-gaming,77b989f4-c404-b0fb-6008-1692079896c3
8270,1507420800,dual-monitor arcade games,dual-monitor-arcade-games,1507420800,https://www.igdb.com/categories/dual-monitor-arcade-games,5799c28a-f29e-49ff-510f-207adc569c14
706,1390608000,shooting,shooting,1390608000,https://www.igdb.com/categories/shooting,a741013e-8992-d53f-e5ac-e6b23a9f0ccd
3607,1491004800,artistic,artistic,1491004800,https://www.igdb.com/categories/artistic,4e7cea15-4ceb-b327-f9cd-b6cb4d12e397
9344,1507680000,pre-rendered backgrounds,pre-rendered-backgrounds,1507680000,https://www.igdb.com/categories/pre-rendered-backgrounds,3fde6ad7-7366-eb38-c139-6160b58baae8
5450,1507248000,digital rights management,digital-rights-management,1507248000,https://www.igdb.com/categories/digital-rights-management,f09d4593-3479-e9ad-5ebc-6830e76e5808
10554,1507766400,wave attack,wave-attack,1507766400,https://www.igdb.com/categories/wave-attack,1c8e1d1e-cfa1-848f-d0bb-4cf687ccb695
37833,1682193487,turma da monica,turma-da-monica,1682193487,https://www.igdb.com/categories/turma-da-monica,90466094-b44a-d884-2124-471769f09262
37880,1682554205,jump game,jump-game,1682554205,https://www.igdb.com/categories/jump-game,d02c2df9-83ba-d4d1-bcf5-26d60c2a86f1
37834,1682193785,game of fortune,game-of-fortune,1682193785,https://www.igdb.com/categories/game-of-fortune,6f7f3a30-304d-78e3-95ba-c58f8f668926
39711,1695234953,clouds,clouds,1695234953,https://www.igdb.com/categories/clouds,230136f4-febf-f1c1-a951-de9e3eb905a8
5114,1507161600,in-game achievements,in-game-achievements,1507161600,https://www.igdb.com/categories/in-game-achievements,b15b9d63-c71f-a8f1-0c1d-d5d1fa4b6419
2165,1453593600,yoshi,yoshi,1453593600,https://www.igdb.com/categories/yoshi,b6af21e9-5177-702b-5bdc-8acecb4fd2f5
4262,1507075200,hanafuda card games,hanafuda-card-games,1507075200,https://www.igdb.com/categories/hanafuda-card-games,05ffc4be-4c36-35a1-a816-c9afe4cc67d7
5669,1507248000,youtube integration,youtube-integration,1507248000,https://www.igdb.com/categories/youtube-integration,39615026-a7d9-9d9b-4e11-c152dda1c636
38246,1685497870,atari lynx homebrew,atari-lynx-homebrew,1685497870,https://www.igdb.com/categories/atari-lynx-homebrew,6b895321-f557-f2f2-6d31-a6781fe8a30c
38247,1685497870,atari lynx,atari-lynx,1685497870,https://www.igdb.com/categories/atari-lynx,0f21f840-0ebb-3a6a-9fc0-21e64f0b5c80
5890,1507248000,face mapping,face-mapping,1507248000,https://www.igdb.com/categories/face-mapping,3131835f-d7b0-0ffe-7c00-fe1adfdb148e
5485,1507248000,rebels,rebels,1507248000,https://www.igdb.com/categories/rebels,823c20ea-62d5-407d-050d-bc61b8e03fc6
2601,1470096000,trivia,trivia,1470096000,https://www.igdb.com/categories/trivia,4e4dce48-abe2-3638-a626-af2e1c3ad687
2628,1470268800,easy,easy,1470268800,https://www.igdb.com/categories/easy,1a874073-5256-ba9c-f859-2e308c28f878
10626,1507766400,hunters,hunters,1507766400,https://www.igdb.com/categories/hunters,68a099bc-b31a-46ca-4248-e92563ab483e
6460,1507248000,cancelled episodic game series,cancelled-episodic-game-series,1507248000,https://www.igdb.com/categories/cancelled-episodic-game-series,14b38adf-01e5-88d4-c724-3543e1e104e4
6545,1507248000,boston celtics,boston-celtics,1507248000,https://www.igdb.com/categories/boston-celtics,a762dd82-9d87-4846-3be7-797c11788ea2
39712,1695237167,cloud strife,cloud-strife,1695237167,https://www.igdb.com/categories/cloud-strife,b3038d15-0bfb-6e9a-e33c-5ca85e2a4344
37836,1682215672,multiplayer fps,multiplayer-fps,1682215672,https://www.igdb.com/categories/multiplayer-fps,68f05e10-204c-e1a7-d32e-5b9143a32392
37881,1682554514,game for cat,game-for-cat,1682554514,https://www.igdb.com/categories/game-for-cat,c7d70b9c-3e46-bf02-011f-6cf2e2252d5c
38048,1684305961,color by number,color-by-number,1684305961,https://www.igdb.com/categories/color-by-number,0634acb7-62c0-b426-04f7-dd008ebaa2e2
7117,1507248000,interrogation,interrogation,1507248000,https://www.igdb.com/categories/interrogation,78f4f5e1-18d8-091a-37bf-177b1253d15a
13119,1512777600,e3 1999,e3-1999,1512777600,https://www.igdb.com/categories/e3-1999,e0a71fe2-be69-10b7-33a3-d5eaa0762738
4249,1507075200,attributes,attributes,1507075200,https://www.igdb.com/categories/attributes,349cb933-dbd0-da4d-2606-ddf8fe9e12c4
6656,1507248000,paladins,paladins,1507248000,https://www.igdb.com/categories/paladins,05616dd7-fb37-b32d-ca8d-a5c027bf5a3a
6657,1507248000,blacksmith,blacksmith,1507248000,https://www.igdb.com/categories/blacksmith,e095867f-1ae4-1ca2-babd-25485e830c9a
10804,1507939200,ancient curse,ancient-curse,1507939200,https://www.igdb.com/categories/ancient-curse,024f39d2-21f1-e401-1875-f0e039cddbde
13574,1512777600,tokyo game show 2008,tokyo-game-show-2008,1512777600,https://www.igdb.com/categories/tokyo-game-show-2008,6638f4e7-082c-65ad-ed80-81bee4645799
7341,1507248000,camouflage,camouflage,1507248000,https://www.igdb.com/categories/camouflage,fa9d3dee-7732-f9e9-f1a6-08b480b963de
7357,1507248000,playable boss,playable-boss,1507248000,https://www.igdb.com/categories/playable-boss,c7927ecb-a098-ebbd-21a5-d2f5059d6b1c
23458,1546387200,egyptian mythology,egyptian-mythology,1546387200,https://www.igdb.com/categories/egyptian-mythology,bf178fb5-dbd5-c506-f97e-50bcb4722a06
1045,1399766400,space travel,space-travel,1399766400,https://www.igdb.com/categories/space-travel,98a56c61-3075-0c5f-4192-3a1c3b6f2426
37835,1682215672,multiplayer shooter,multiplayer-shooter,1682215672,https://www.igdb.com/categories/multiplayer-shooter,c0ecfc72-51d4-ba9d-3211-aac26150b9d3
10098,1507766400,two difficulty levels at once,two-difficulty-levels-at-once,1507766400,https://www.igdb.com/categories/two-difficulty-levels-at-once,c27abd00-a35a-764a-a4b0-d4fe75162db1
37882,1682560305,aladdin,aladdin,1682560305,https://www.igdb.com/categories/aladdin,3ebed156-c927-4343-fe5f-150fd9ceaf0e
38692,1687991152,game jaaj 3,game-jaaj-3,1687991152,https://www.igdb.com/categories/game-jaaj-3,360e7c54-502e-1fc3-22c4-3fb64e3eac2c
39105,1690957752,variable refresh rate,variable-refresh-rate,1690957752,https://www.igdb.com/categories/variable-refresh-rate,c98f1eef-051a-8f71-1885-374db61460b7
38032,1684094847,global warming,global-warming,1684094847,https://www.igdb.com/categories/global-warming,4c2b9869-65bb-2bd1-e745-35f268020c11
4147,1507075200,rail track,rail-track,1507075200,https://www.igdb.com/categories/rail-track,114d65c8-8fdd-aec4-0cb1-2fc6e4836257
4151,1507075200,steam leaderboards,steam-leaderboards,1507075200,https://www.igdb.com/categories/steam-leaderboards,acaa59e1-daf9-7ce1-ca2a-4cea2b1ac752
4158,1507075200,xbox live indie games,xbox-live-indie-games,1507075200,https://www.igdb.com/categories/xbox-live-indie-games,f6338fe4-1819-e985-e063-4adf5e4de18f
3208,1484006400,vampires,vampires,1484006400,https://www.igdb.com/categories/vampires,63120a36-f76b-422e-1a32-f0590485f935
3701,1493337600,monopoly,monopoly,1493337600,https://www.igdb.com/categories/monopoly,2b1e16da-6ba8-11fe-fc2a-342a1573ccba
2792,1474502400,terraria,terraria,1474502400,https://www.igdb.com/categories/terraria,e51fdcc2-d054-fb7a-0993-9e8aa571ce55
4241,1507075200,students,students,1507075200,https://www.igdb.com/categories/students,813ba0d7-80ad-82e3-ec24-8876c79ec5fd
2479,1467158400,racing sim,racing-sim,1467158400,https://www.igdb.com/categories/racing-sim,756e6af6-5a72-c439-edda-4d2436224d62
4537,1507075200,cartoon cutscene,cartoon-cutscene,1507075200,https://www.igdb.com/categories/cartoon-cutscene,8ecaab19-e6b9-285e-0324-5b0483dce356
38693,1687993684,game jaaj 6,game-jaaj-6,1687993684,https://www.igdb.com/categories/game-jaaj-6,cb35cdc7-8f55-8798-11cd-d2bc13b64b1f
38161,1685040716,337,337,1685040716,https://www.igdb.com/categories/337,0e7be875-5c26-cab3-3eb3-24ca54e0f353
38345,1686041160,fuhrer in la,fuhrer-in-la,1686041160,https://www.igdb.com/categories/fuhrer-in-la,9c307a39-43b3-bfdd-f3e5-201c66431e36
4253,1507075200,pax east 2017,pax-east-2017,1507075200,https://www.igdb.com/categories/pax-east-2017,e5e1ca25-9cdd-e1ca-072a-a98ffa7c301a
4170,1507132046,monkey,monkey,1685417401,https://www.igdb.com/categories/monkey,02f9b6b2-bb4d-6494-220d-43efcc23ba24
38050,1684312754,talking pet,talking-pet,1684312754,https://www.igdb.com/categories/talking-pet,ab3884ae-a290-e9e2-85b0-4f4f97ee829f
420,1375434639,artifacts,artifacts,1685427562,https://www.igdb.com/categories/artifacts,0b256624-3b06-8478-fd86-2f26840756f9
6055,1507284968,beetle,beetle,1685428277,https://www.igdb.com/categories/beetle,492a08e5-e715-05c9-87be-bd51bbf253c0
39714,1695251022,cloud computing,cloud-computing,1695251022,https://www.igdb.com/categories/cloud-computing,007285f5-3056-1f69-faf7-dc8fab2d7afe
37838,1682218016,ayane,ayane,1682218016,https://www.igdb.com/categories/ayane,024e3f7a-68b4-cbf7-34fa-738b97897ffc
38346,1686041160,fuhrer in los angele,fuhrer-in-los-angele,1686041160,https://www.igdb.com/categories/fuhrer-in-los-angele,697e6e63-51e8-13fb-dc96-998a1b9b625f
4641,1507075200,tape recorder,tape-recorder,1507075200,https://www.igdb.com/categories/tape-recorder,49aa0c5c-8f41-50cd-0bf5-02c4e19da9e3
10433,1507766400,jungle warfare,jungle-warfare,1507766400,https://www.igdb.com/categories/jungle-warfare,bdb5cbb2-7bc7-ab5b-d5bd-cdef174d91a3
7458,1507248000,battle.net,battle-dot-net,1507248000,https://www.igdb.com/categories/battle-dot-net,e692eb77-9602-7f19-003d-5cb12f937ece
4544,1507075200,unlockables,unlockables,1507075200,https://www.igdb.com/categories/unlockables,a6f92067-df02-996d-4807-64cb9dffd64f
4261,1507075200,pre-release public testing,pre-release-public-testing,1507075200,https://www.igdb.com/categories/pre-release-public-testing,efb1b39d-3f6c-7d11-ef00-21bf69f568a0
660,1390089600,run and gun,run-and-gun,1390089600,https://www.igdb.com/categories/run-and-gun,707cc0a7-038b-329b-4ae2-8f6310ebf896
713,1390694400,amusement park,amusement-park,1390694400,https://www.igdb.com/categories/amusement-park,1d3d55c7-aeff-7de0-7411-7edca46ab5c4
38694,1688025166,language learning - spanish,language-learning-spanish,1688025166,https://www.igdb.com/categories/language-learning-spanish,62e8495c-91b5-e9dd-fe38-341b60a6281a
38163,1685059906,wreck-it ralph,wreck-it-ralph,1685059906,https://www.igdb.com/categories/wreck-it-ralph,6ea3917a-87fc-d968-4666-961f305fc94b
37837,1682218016,kasumi,kasumi,1682218016,https://www.igdb.com/categories/kasumi,cfdb5860-dde7-ad4d-512c-531f565b634a
38695,1688025318,historical japan,historical-japan,1688025318,https://www.igdb.com/categories/historical-japan,14a50ea3-a0b9-1f3d-a7a4-6ce5c9eebfd0
39715,1695262284,hot dog,hot-dog,1695262284,https://www.igdb.com/categories/hot-dog,71332f7c-dd59-a430-d3f2-5955e28a2478
37955,1683229647,crazy,crazy,1683229647,https://www.igdb.com/categories/crazy,aa381d82-b0d5-f2ab-c28d-b7ba08725901
10446,1507766400,bangsian fantasy,bangsian-fantasy,1507766400,https://www.igdb.com/categories/bangsian-fantasy,4e2d6c19-e919-f5c7-3962-3c91969330da
4475,1507075200,eyetoy support,eyetoy-support,1507075200,https://www.igdb.com/categories/eyetoy-support,8f4d42b3-db28-101f-1ddc-58f40b11b88c
9374,1507680000,reluctant hero,reluctant-hero,1507680000,https://www.igdb.com/categories/reluctant-hero,8a08bdb1-c879-a741-b3e6-adcafc0b02e1
7612,1507248000,two-handed weapons,two-handed-weapons,1507248000,https://www.igdb.com/categories/two-handed-weapons,f8c440f8-e1fa-8d88-98a4-7077ba09ef89
4623,1507075200,fake in-game advertising,fake-in-game-advertising,1507075200,https://www.igdb.com/categories/fake-in-game-advertising,3cd4eb41-7db5-d37e-2d46-8894ef9b3a2f
2399,1463875200,turn-based combat,turn-based-combat,1463875200,https://www.igdb.com/categories/turn-based-combat,6ee7e87f-f04c-060e-93b0-2103ea33f348
23385,1544313600,preschool,preschool,1544313600,https://www.igdb.com/categories/preschool,94ccb59b-0c67-47f9-0482-725555f4794d
429,1379030400,dystopian,dystopian,1379030400,https://www.igdb.com/categories/dystopian,cd76e4ce-3938-80b6-7c9a-c82f5ce11f2b
1437,1428710400,hiding,hiding,1428710400,https://www.igdb.com/categories/hiding,bf575db5-b47c-e3db-7273-7a3fba16fbbf
7215,1507248000,context sensitive,context-sensitive,1507248000,https://www.igdb.com/categories/context-sensitive,ab47d2a3-b85e-6fae-7cec-f4ce2d124e2a
37941,1683077206,squarepantis,squarepantis,1683077206,https://www.igdb.com/categories/squarepantis,1b77b7ad-90da-d6b6-0c09-b4e4c584ce49
38697,1688039195,monster train,monster-train,1688039195,https://www.igdb.com/categories/monster-train,ad241f78-e2bf-3f19-e1e3-72cb3c32d100
38696,1688039195,slay the spire,slay-the-spire,1688039195,https://www.igdb.com/categories/slay-the-spire,8f0ff617-5ab3-2e24-2a7a-9c7a7f58680a
4791,1507159255,faceless protagonist,faceless-protagonist,1685532308,https://www.igdb.com/categories/faceless-protagonist,3a221589-023a-8cfc-6ebf-87782f863684
38919,1689798388,dadaism,dadaism,1689798388,https://www.igdb.com/categories/dadaism,b2d82985-83c9-b961-ad8f-4772dc619389
4787,1507075200,treasure chest,treasure-chest,1507075200,https://www.igdb.com/categories/treasure-chest,09da4200-7d40-0b1b-b53f-b03375a3f1ff
5860,1507248000,british grand prix,british-grand-prix,1507248000,https://www.igdb.com/categories/british-grand-prix,338de995-4fbd-363d-fbad-664d62f6e99e
925,1396310400,bruce lee,bruce-lee,1396310400,https://www.igdb.com/categories/bruce-lee,e079553a-b640-f789-824b-b5355f8c7b81
4578,1507075200,motion blur,motion-blur,1507075200,https://www.igdb.com/categories/motion-blur,f1622b04-29fa-e670-b126-d963f4039d29
8356,1507420800,clefable,clefable,1507420800,https://www.igdb.com/categories/clefable,e7f48677-b374-aa95-25a4-d5b91920e2d8
7051,1507248000,waking up captured,waking-up-captured,1507248000,https://www.igdb.com/categories/waking-up-captured,a6e8da6e-ea71-cfff-67b6-ae372e66be8e
11214,1512691200,yoga,yoga,1512691200,https://www.igdb.com/categories/yoga,d2af5763-7cab-d1f5-609e-0e387f73a7da
2706,1472169600,persia,persia,1472169600,https://www.igdb.com/categories/persia,d4884dc1-b853-6a91-0304-072e9746b78d
38698,1688039195,hearthstone,hearthstone,1688039195,https://www.igdb.com/categories/hearthstone,bd3ed43b-3b2f-6d24-f76f-c4f91f1f7360
37841,1682237453,unofficial update,unofficial-update,1682237453,https://www.igdb.com/categories/unofficial-update,9b569731-1024-b111-dd70-d7463bdc9a10
38164,1685065755,prologue,prologue,1685065755,https://www.igdb.com/categories/prologue,b72db2c5-d027-86bc-6f04-f8cb8d9f0c61
37888,1682637236,based on a music video,based-on-a-music-video,1682637236,https://www.igdb.com/categories/based-on-a-music-video,c41546ba-bf8c-e045-82e9-6f1d3caeba5c
37840,1682237453,nhl rom hack,nhl-rom-hack,1682237453,https://www.igdb.com/categories/nhl-rom-hack,8d71173b-8777-4f80-6854-f35bc7c5402e
12868,1512777600,stanley cup,stanley-cup,1512777600,https://www.igdb.com/categories/stanley-cup,0f88d247-9061-e3b8-d410-20ee533f6d8b
38165,1685065755,prelude,prelude,1685065755,https://www.igdb.com/categories/prelude,bd7be335-c222-d4ad-5c1e-8920cdaa5345
1422,1426982400,portals,portals,1426982400,https://www.igdb.com/categories/portals,54f20341-d594-7387-5648-34c6612e3f05
11538,1512691200,cinematic jump,cinematic-jump,1512691200,https://www.igdb.com/categories/cinematic-jump,75d7ece8-4d4a-68c0-d62b-93dc93e7ecf5
14574,1512864000,symbology,symbology,1512864000,https://www.igdb.com/categories/symbology,adc6b48f-b45a-83cc-b177-abb66be66b5d
9328,1507680000,dark past,dark-past,1507680000,https://www.igdb.com/categories/dark-past,c71d8e29-04c4-16e6-1224-3d1dfeb9ac57
9343,1507680000,extinction,extinction,1507680000,https://www.igdb.com/categories/extinction,32c65f46-952b-d3df-95df-c9467fadb13e
9360,1507680000,ranked match,ranked-match,1507680000,https://www.igdb.com/categories/ranked-match,59568039-3fab-1653-2b94-11004680bc5e
5533,1507248000,no hud,no-hud,1507248000,https://www.igdb.com/categories/no-hud,a741f407-190a-75da-a76f-03bd210502e9
3079,1480032000,8-bit,8-bit,1480032000,https://www.igdb.com/categories/8-bit,e4ade789-3087-d95b-8953-e03952372a4e
37842,1682239440,udraw gametablet,udraw-gametablet,1682239440,https://www.igdb.com/categories/udraw-gametablet,959e35aa-72d2-83d3-688a-bd6d11cf7fab
37843,1682239440,udraw gametablet - wii,udraw-gametablet-wii,1682239440,https://www.igdb.com/categories/udraw-gametablet-wii,aa13400f-db98-9be9-e1ea-962827768160
37889,1682646207,the flintstones,the-flintstones,1682646207,https://www.igdb.com/categories/the-flintstones,063fdacd-51d7-5066-bade-b5d4b4b0a382
38700,1688039606,mushroom,mushroom,1688039606,https://www.igdb.com/categories/mushroom,609b121c-7302-0dc7-4b79-3726664fe298
38055,1684355118,kaizo,kaizo,1684355118,https://www.igdb.com/categories/kaizo,b9794f2c-dc09-646e-5584-571c0f50aa8e
38701,1688039606,cottagecore,cottagecore,1688039606,https://www.igdb.com/categories/cottagecore,6a8e13cf-4647-555a-3d22-2f94d3db6f9d
39111,1691015209,roleplay,roleplay,1691015209,https://www.igdb.com/categories/roleplay,7f152455-c576-223b-13d7-6afb928df610
1567,1431129600,japan,japan,1431129600,https://www.igdb.com/categories/japan,0ff219a7-349d-6844-f32c-cb13d75ceeec
5963,1507248000,plot twist,plot-twist,1507248000,https://www.igdb.com/categories/plot-twist,742d6a10-5428-4565-5ba6-58fb58740107
1512,1428883200,playstation 2,playstation-2,1428883200,https://www.igdb.com/categories/playstation-2,d85566dd-ce90-258a-2219-2186ab47c668
5639,1507248000,invisible wall,invisible-wall,1507248000,https://www.igdb.com/categories/invisible-wall,4f5754b4-a165-8bf3-bd09-188c1f7817f1
5596,1507248000,jellyfish,jellyfish,1507248000,https://www.igdb.com/categories/jellyfish,e6a703ba-8e65-6cfc-927c-5f26f9ce43c0
4615,1507075200,profanity,profanity,1507075200,https://www.igdb.com/categories/profanity,b4dde67d-2dbb-c6ad-ff43-e59e487a4c51
7334,1507248000,detective mode,detective-mode,1507248000,https://www.igdb.com/categories/detective-mode,4f949941-fbe0-adc5-f7f8-35d10f8db88a
7355,1507248000,anti-villain,anti-villain,1507248000,https://www.igdb.com/categories/anti-villain,aabd61f0-125b-a761-a20a-08e68644ad77
5523,1507248000,leaderboard,leaderboard,1507248000,https://www.igdb.com/categories/leaderboard,feb26e10-d688-7f9e-73de-c1ba9743c4dc
7530,1507248000,phoenix,phoenix,1507248000,https://www.igdb.com/categories/phoenix,174104d8-103b-4b67-4a23-b0a31d5a1597
4074,1505260800,battle,battle,1505260800,https://www.igdb.com/categories/battle,615db713-2069-277c-2c0a-c30a444bbeb9
10089,1507766400,geoscape,geoscape,1507766400,https://www.igdb.com/categories/geoscape,3eaba838-fb30-7071-6df5-ec8996dc55e4
12119,1512691200,outside of time and space,outside-of-time-and-space,1512691200,https://www.igdb.com/categories/outside-of-time-and-space,34095763-6de8-96c2-f63e-49c20a30e8e0
1925,1442275200,strategy card game,strategy-card-game,1442275200,https://www.igdb.com/categories/strategy-card-game,7df9b7a0-f1f0-a54a-b15e-87872d3104f2
13941,1512777600,interactive achievement awards 2009,interactive-achievement-awards-2009,1512777600,https://www.igdb.com/categories/interactive-achievement-awards-2009,212676a4-9752-68a0-47c8-6d4b7e24c94f
38703,1688044100,idler,idler,1688044100,https://www.igdb.com/categories/idler,549967b6-6908-1d7b-c678-a7610c407966
37844,1682239440,udraw gametablet required,udraw-gametablet-required,1682239440,https://www.igdb.com/categories/udraw-gametablet-required,beddd25c-5e08-6d09-4064-fbf1547b3433
1958,1443225600,15th century,15th-century,1443225600,https://www.igdb.com/categories/15th-century,6e6f2067-88ef-49d7-52c1-a5287c0d86fb
1952,1442966400,pixels,pixels,1442966400,https://www.igdb.com/categories/pixels,e6d8d3dd-b043-ff30-3ae0-57fdfcb7a907
5560,1507248000,multiplayer scoreboard,multiplayer-scoreboard,1507248000,https://www.igdb.com/categories/multiplayer-scoreboard,77410733-201a-83e4-52c6-9a7955e99031
2544,1469491200,italy,italy,1469491200,https://www.igdb.com/categories/italy,2caab1ce-a402-2c47-91bc-b00045a3e605
4497,1507075200,randomly generated dungeons,randomly-generated-dungeons,1507075200,https://www.igdb.com/categories/randomly-generated-dungeons,ff7573f1-ef90-bfb8-161c-4de5bd76d6cc
14057,1512777600,best fighting game: winner - 2016 (the game awards),best-fighting-game-winner-2016-the-game-awards,1512777600,https://www.igdb.com/categories/best-fighting-game-winner-2016-the-game-awards,d404f92a-fc48-4c8e-a2bf-3c95230a004a
14056,1512777600,best fighting game: nominee - 2016 (the game awards),best-fighting-game-nominee-2016-the-game-awards,1512777600,https://www.igdb.com/categories/best-fighting-game-nominee-2016-the-game-awards,a7a0fd6e-b8e4-32af-5927-56770121b5ee
6184,1507248000,donut block,donut-block,1507248000,https://www.igdb.com/categories/donut-block,b12b2fd9-9592-4f74-ff2a-1e94baa78a44
6214,1507248000,day one patch,day-one-patch,1507248000,https://www.igdb.com/categories/day-one-patch,e134d315-677f-0e2e-6b08-d05a02f18d01
12268,1512691200,disc golf,disc-golf,1512691200,https://www.igdb.com/categories/disc-golf,c46dc785-c27a-92b6-8dea-fe8b6922d3ca
7739,1507248000,seadra,seadra,1507248000,https://www.igdb.com/categories/seadra,18f945c2-0883-a4e7-85b7-7e59e063b866
4760,1507075200,ice stage,ice-stage,1507075200,https://www.igdb.com/categories/ice-stage,818a48a0-5c6d-cdd8-9b36-f1b87802cf82
4761,1507075200,snail,snail,1507075200,https://www.igdb.com/categories/snail,77df89ea-1ec4-1df9-2070-45f603d632fd
37960,1683369377,phillips cd-i homebrew,phillips-cd-i-homebrew,1683369377,https://www.igdb.com/categories/phillips-cd-i-homebrew,1fcf7e6e-3797-cc7b-f88b-ae941f90da8f
38706,1688045298,candyman,candyman,1688045298,https://www.igdb.com/categories/candyman,e1b12a09-d866-086b-a34f-11a00bbff2bc
38709,1688045298,freddy krueger,freddy-krueger,1688045298,https://www.igdb.com/categories/freddy-krueger,c48985d2-df9c-1e0d-9178-b593c4659037
3898,1499040000,spiritual successor,spiritual-successor,1499040000,https://www.igdb.com/categories/spiritual-successor,ccfaa81a-36fb-b02a-432a-0d1d6b7288bd
38197,1685086147,knowledge,knowledge,1685086147,https://www.igdb.com/categories/knowledge,0272fd5a-aabd-c239-74b3-7fc594d71f6d
38704,1688045298,friday the 13th,friday-the-13th,1688045298,https://www.igdb.com/categories/friday-the-13th,ca50c842-d4c1-49c6-9a27-626839bcf953
39114,1691052212,tps,tps,1691052212,https://www.igdb.com/categories/tps,43a0d826-6d2d-22e5-79a6-52aca52ba6bb
40222,1698692368,elementary school,elementary-school,1698692368,https://www.igdb.com/categories/elementary-school,9a601a1a-c291-f76b-2b16-c1188c2b4c3f
5328,1507248000,playstation tv support,playstation-tv-support,1507248000,https://www.igdb.com/categories/playstation-tv-support,23cb9237-fe88-f36c-3509-e8e69ced4cdc
12462,1512691200,e3 2010,e3-2010,1512691200,https://www.igdb.com/categories/e3-2010,17a5466b-6221-62b7-e4d3-44ec42361de7
4179,1507075200,throwing weapons,throwing-weapons,1507075200,https://www.igdb.com/categories/throwing-weapons,e046b8e5-6be5-b2af-e63d-42d097b1a63e
11247,1512691200,sixaxis support,sixaxis-support,1512691200,https://www.igdb.com/categories/sixaxis-support,88356d80-75a8-115a-5add-9c70e66d644a
2730,1472947200,3v3,3v3,1472947200,https://www.igdb.com/categories/3v3,f83dbaa5-43dc-c819-2804-db9ee3c4bdbb
3934,1500163200,spider-man,spider-man,1500163200,https://www.igdb.com/categories/spider-man,02aa9156-5ef7-b971-ddfe-fd152e4bcf3a
5630,1507248000,misrepresentative box art,misrepresentative-box-art,1507248000,https://www.igdb.com/categories/misrepresentative-box-art,dda5b507-9410-2ba5-c6f7-21953d62471c
38707,1688045298,jason voorhees,jason-voorhees,1688045298,https://www.igdb.com/categories/jason-voorhees,360a4813-21fd-83e0-580b-82328ad09e99
7410,1507293534,text dialogue,text-dialogue,1685417984,https://www.igdb.com/categories/text-dialogue,d83ec0a6-d569-bd58-0c56-997e3b82a59f
38708,1688045298,michael myers,michael-myers,1688045298,https://www.igdb.com/categories/michael-myers,7cd1d3f8-9624-95b7-4364-eb30cf441cca
37961,1683396513,hotline-miami,hotline-miami,1683396513,https://www.igdb.com/categories/hotline-miami,d9dc36c0-4458-2cf4-2169-3a9322479b77
38705,1688045298,a nightmare on elm street,a-nightmare-on-elm-street,1688045298,https://www.igdb.com/categories/a-nightmare-on-elm-street,bb37839c-4c6d-dcf6-4fb2-b60ebf34fd83
40223,1698693848,fan translation - french,fan-translation-french,1698693848,https://www.igdb.com/categories/fan-translation-french,5922a4c2-3310-508b-0611-c99d8f3be95a
4228,1507132398,box art - real photos,box-art-real-photos,1689929375,https://www.igdb.com/categories/box-art-real-photos,d0d6d4c2-897e-7c35-f45b-86111a0c3490
7540,1507248000,archangel,archangel,1507248000,https://www.igdb.com/categories/archangel,beb92f8b-e267-8b42-35b3-ade93d3d6c95
13465,1512777600,e3 1995,e3-1995,1512777600,https://www.igdb.com/categories/e3-1995,202df355-a697-cdcf-6fe7-bbd0770ff5f4
6048,1507248000,one-handed gameplay,one-handed-gameplay,1507248000,https://www.igdb.com/categories/one-handed-gameplay,7b51e732-6779-ca52-745a-2dd8bc8c985d
4192,1507075200,robot dog,robot-dog,1507075200,https://www.igdb.com/categories/robot-dog,841b5ca8-a362-9753-260e-07dd44694c40
5671,1507248000,hotkey,hotkey,1507248000,https://www.igdb.com/categories/hotkey,17f38c20-ab64-3346-585c-29b90f9106df
4680,1507075200,homage box art,homage-box-art,1507075200,https://www.igdb.com/categories/homage-box-art,9522e936-eb6b-384e-d994-b07cb09f4718
2793,1474502400,base defense,base-defense,1474502400,https://www.igdb.com/categories/base-defense,d6d0778c-a078-7a1f-63fb-0f0a0cb121c7
5633,1507248000,xbox one backwards compatibility,xbox-one-backwards-compatibility,1507248000,https://www.igdb.com/categories/xbox-one-backwards-compatibility,be68ed39-cf8b-16cb-9522-248ee7400c13
2712,1472351928,manic shooter,manic-shooter,1685417470,https://www.igdb.com/categories/manic-shooter,6f47f2d3-f72d-7431-b03a-83fd45505bfa
38355,1686092543,3539,3539,1686092543,https://www.igdb.com/categories/3539,995376ee-bcae-01a7-1f93-b5af639be163
37896,1682657395,contract,contract,1682657395,https://www.igdb.com/categories/contract,cc0e9f17-9084-fd9e-13c6-4d77be5ddb31
38710,1688050610,mice,mice,1688050610,https://www.igdb.com/categories/mice,a2a5435b-0eee-5c18-1abf-d61fea22bbd4
7464,1507248000,off-road racing,off-road-racing,1507248000,https://www.igdb.com/categories/off-road-racing,6ae4c5cc-9763-d272-def3-b9314aca7f52
24576,1576713600,energetic heroine,energetic-heroine,1576713600,https://www.igdb.com/categories/energetic-heroine,3a0fb42d-51f3-97b3-61e1-6affe2e6426c
6457,1507248000,environmental kill,environmental-kill,1507248000,https://www.igdb.com/categories/environmental-kill,3ada87a5-797a-8878-2e9c-a94666f6fef6
6736,1507248000,burning,burning,1507248000,https://www.igdb.com/categories/burning,b35415d2-2532-d506-01e2-f0008f28655f
6749,1507248000,balance platforms,balance-platforms,1507248000,https://www.igdb.com/categories/balance-platforms,afaaf848-16f1-e711-04fb-998cc023957d
4860,1507161600,duel,duel,1507161600,https://www.igdb.com/categories/duel,7b40963a-4216-cf7a-e689-7587ce695d4e
13031,1512777600,revenge meter,revenge-meter,1512777600,https://www.igdb.com/categories/revenge-meter,1b7e69cf-e85c-d6ca-cccc-cb3c8997f5f1
7224,1507248000,play coin support,play-coin-support,1507248000,https://www.igdb.com/categories/play-coin-support,8a7b8e9b-04fd-416a-fb12-96d79c137a1a
38711,1688057856,puns,puns,1688057856,https://www.igdb.com/categories/puns,cd51af65-7fd6-9c79-a52e-7c237b181329
38201,1685163953,endless mode,endless-mode,1685163953,https://www.igdb.com/categories/endless-mode,c74cc2f8-5a8f-867a-321d-baaa1b9bfdda
38356,1686098121,microphone use,microphone-use,1686098121,https://www.igdb.com/categories/microphone-use,91b5d99f-f105-6d06-0ac8-431f1f5f1cc8
38712,1688057856,greed,greed,1688057856,https://www.igdb.com/categories/greed,957175ba-d32d-4816-786a-3ade68f7aa57
38934,1689880313,geleiabilidade,geleiabilidade,1689880313,https://www.igdb.com/categories/geleiabilidade,22f0d87a-44d1-ac16-438e-92eeac3a22a8
11396,1512691200,re-numbered franchise,re-numbered-franchise,1512691200,https://www.igdb.com/categories/re-numbered-franchise,aece7a85-07d1-1e0e-1b36-670cb135120c
5116,1507161600,laser,laser,1507161600,https://www.igdb.com/categories/laser,421e315e-a76e-82c2-054b-0833ea23bc3f
5123,1507161600,profanity in the title,profanity-in-the-title,1507161600,https://www.igdb.com/categories/profanity-in-the-title,ddf6dff1-7be6-d0c4-7410-ad32eb36e33f
6671,1507248000,portal,portal,1507248000,https://www.igdb.com/categories/portal,3e648657-ae5f-da1a-5b15-a01cb92e9c64
2820,1475107200,spider solitaire,spider-solitaire,1475107200,https://www.igdb.com/categories/spider-solitaire,b8479b51-05cb-6911-4f6e-cbbf65e8b403
1635,1435104000,local co-op,local-co-op,1435104000,https://www.igdb.com/categories/local-co-op,0484ab9c-a2f4-9dd6-95e6-a5d50c0ad2cc
37850,1682303250,tomy pyuta,tomy-pyuta,1682303250,https://www.igdb.com/categories/tomy-pyuta,c133d804-3b2a-d12e-7c89-ef367f1b7851
23428,1546041600,promotional tie in,promotional-tie-in,1546041600,https://www.igdb.com/categories/promotional-tie-in,d20a9843-368d-7d3e-4bde-4319703c74a7
37899,1682717366,mermaids,mermaids,1682717366,https://www.igdb.com/categories/mermaids,33730379-c413-f58d-88dd-ba170772838f
38713,1688075125,major league baseball,major-league-baseball,1688075125,https://www.igdb.com/categories/major-league-baseball,ba5e3027-174c-e7f3-9bb6-e609e8b97b3f
38202,1685183143,advance wars,advance-wars,1685183143,https://www.igdb.com/categories/advance-wars,ad7d7429-240d-f305-4c26-d8188add842c
38935,1689883902,cidades habitaveis,cidades-habitaveis,1689883902,https://www.igdb.com/categories/cidades-habitaveis,f8ce6d03-af74-60c0-1aa4-897e0f3a27e0
5389,1507279575,based on - tabletop rpg,based-on-tabletop-rpg,1685932999,https://www.igdb.com/categories/based-on-tabletop-rpg,738c263a-581d-6367-764a-2a89304d9641
38936,1689884487,gmtk game jam 2019,gmtk-game-jam-2019,1689884487,https://www.igdb.com/categories/gmtk-game-jam-2019,20628aa9-993e-124e-0f50-8ac1375807eb
39118,1691077039,nonbinary,nonbinary,1691077039,https://www.igdb.com/categories/nonbinary,847848d8-cd88-d0a2-9428-d7edaae1d85f
7417,1507248000,indie royale,indie-royale,1507248000,https://www.igdb.com/categories/indie-royale,8a5bf152-4ea2-b8f5-e414-d4c8b5e9d0e6
7384,1507248000,alien abduction,alien-abduction,1507248000,https://www.igdb.com/categories/alien-abduction,29d6e171-06d8-688e-5657-84750d7e11df
11479,1512691200,summer of arcade 2012,summer-of-arcade-2012,1512691200,https://www.igdb.com/categories/summer-of-arcade-2012,f6f6c8cd-219d-89e5-2b94-1929539168f9
23125,1533513600,rayman,rayman,1533513600,https://www.igdb.com/categories/rayman,fdf222c5-2b1b-1234-3436-4a204ad4e3f6
23130,1533859200,j2me,j2me,1533859200,https://www.igdb.com/categories/j2me,205365d9-af72-556b-9400-cbef82889b1a
8849,1507507200,nobilitease,nobilitease,1507507200,https://www.igdb.com/categories/nobilitease,86f19c76-a987-7fee-571a-0c8afef3c656
4861,1507161600,sabotage,sabotage,1507161600,https://www.igdb.com/categories/sabotage,46333c5a-c284-180b-d1f9-a462ca0a545f
37851,1682308074,decompilation,decompilation,1682308074,https://www.igdb.com/categories/decompilation,17ce2b7c-94b3-1822-54c8-df01b37cc608
5340,1507248000,canceled games,canceled-games,1507248000,https://www.igdb.com/categories/canceled-games,955ab7c7-382b-e1d5-55e4-51369c5552a4
38063,1684391274,axel in harlem,axel-in-harlem,1684391274,https://www.igdb.com/categories/axel-in-harlem,aa160d98-758c-d563-d9e6-b2d44917a470
38714,1688075125,mlb,mlb,1688075125,https://www.igdb.com/categories/mlb,d3554962-c31f-f5fe-8865-dcc2403b93ac
37852,1682308074,reverse engineering,reverse-engineering,1682308074,https://www.igdb.com/categories/reverse-engineering,5d500a7b-9c62-d61a-e9c2-df447ab3f64d
37853,1682308131,mit license,mit-license,1682308131,https://www.igdb.com/categories/mit-license,319961ab-90c0-9579-b5a4-fb34f3aea2e9
1212,1409529600,psychic abilities,psychic-abilities,1409529600,https://www.igdb.com/categories/psychic-abilities,11d30896-cde8-afb5-df40-8cd41c774d56
9691,1507680000,combo breaker,combo-breaker,1507680000,https://www.igdb.com/categories/combo-breaker,5c99d389-1236-3465-916a-2f74b01d1281
23406,1545868800,american history,american-history,1545868800,https://www.igdb.com/categories/american-history,d24f233d-c10a-d7ae-740e-a3f7ae4d4909
9536,1507680000,demolition derby,demolition-derby,1507680000,https://www.igdb.com/categories/demolition-derby,45887cda-e14c-68bd-caa8-5abc2c5f2263
38266,1685552922,muppets,muppets,1685552922,https://www.igdb.com/categories/muppets,b60c0414-c7b6-7e07-0d6e-abc958336612
38205,1685187227,sponsored by a magazine,sponsored-by-a-magazine,1685187227,https://www.igdb.com/categories/sponsored-by-a-magazine,4ab602b0-de62-5388-f88d-58c4de627ab6
9638,1507680000,music-generated content,music-generated-content,1507680000,https://www.igdb.com/categories/music-generated-content,e5c542ab-75ee-6cf3-28fd-92ec2a46f684
5458,1507248000,daily content,daily-content,1507248000,https://www.igdb.com/categories/daily-content,c361806c-113c-400d-c6e3-e4ef9474cf1a
23461,1546387200,top down view,top-down-view,1546387200,https://www.igdb.com/categories/top-down-view,d717ad0f-46dd-798b-1c63-6ca206099f88
7742,1507248000,rhyhorn,rhyhorn,1507248000,https://www.igdb.com/categories/rhyhorn,4a2d7c41-64b3-a9b7-9dbb-6bd7f58b4932
5844,1507248000,western games based on japanese ips,western-games-based-on-japanese-ips,1507248000,https://www.igdb.com/categories/western-games-based-on-japanese-ips,94c4f535-c527-ddac-1a0d-288bbf545a36
9853,1507680000,professional gaming,professional-gaming,1507680000,https://www.igdb.com/categories/professional-gaming,89ba8507-1537-9ab3-ebe9-078ad5203938
915,1396137600,trains,trains,1396137600,https://www.igdb.com/categories/trains,238d4965-71cf-c343-2006-7d5b3fbc773b
4933,1507161600,wii nunchuk support on wii u,wii-nunchuk-support-on-wii-u,1507161600,https://www.igdb.com/categories/wii-nunchuk-support-on-wii-u,7d835eca-6ee4-92d5-b6e9-34b4ba7532fc
4931,1507161600,wii u pro controller support,wii-u-pro-controller-support,1507161600,https://www.igdb.com/categories/wii-u-pro-controller-support,5074588c-b885-fb65-39ed-c34696ffea9d
8286,1507420800,persistent enemy,persistent-enemy,1507420800,https://www.igdb.com/categories/persistent-enemy,26b71e3a-f84a-aa6f-ee60-982bcc8ac2fe
470,1381708800,comics,comics,1381708800,https://www.igdb.com/categories/comics,eb87924f-a246-b7cb-294b-766f37b8a2c5
37855,1682328290,bocchi the rock,bocchi-the-rock,1682328290,https://www.igdb.com/categories/bocchi-the-rock,631cb934-4a07-7423-a868-c9bf845474a3
37907,1682730800,2d mario,2d-mario,1682730800,https://www.igdb.com/categories/2d-mario,be033f8c-b1ee-49f0-c1b8-9be43fc241da
37908,1682730800,challenge mod,challenge-mod,1682730800,https://www.igdb.com/categories/challenge-mod,db3c4904-3c52-3830-f622-9d8f216f68d6
38716,1688100098,season summer,season-summer,1688100098,https://www.igdb.com/categories/season-summer,22956fe7-8ddd-f5a1-c567-fad114d224b6
39740,1695345145,elon musk,elon-musk,1695345145,https://www.igdb.com/categories/elon-musk,cc3625c3-2189-3bc8-e179-90262b0e6cac
38360,1686141246,winnie the pooh,winnie-the-pooh,1686141246,https://www.igdb.com/categories/winnie-the-pooh,c02cc481-5ee3-6efd-b8ea-3d93fa299ca5
40229,1698758249,capybara,capybara,1698758249,https://www.igdb.com/categories/capybara,74ad673e-4ce5-fe40-ddc8-5a82d8d977b7
10167,1507766400,framing,framing,1507766400,https://www.igdb.com/categories/framing,03d071d4-1f17-3f74-953d-79335c245c35
923,1396310400,futuristic,futuristic,1396310400,https://www.igdb.com/categories/futuristic,e64f16dc-a9d9-aef7-c02b-d50d03bd6214
955,1397779200,london,london,1397779200,https://www.igdb.com/categories/london,c02b0adf-68fe-b448-bd90-6998b1385af0
38071,1684429918,horse taming,horse-taming,1684429918,https://www.igdb.com/categories/horse-taming,46c7ff4a-4d6e-447f-2f79-13aa7271219d
38208,1685193381,18780,18780,1685193381,https://www.igdb.com/categories/18780,bd0052cf-6e97-fcd4-68e6-654b0add44b3
9000,1507507200,psychics,psychics,1507507200,https://www.igdb.com/categories/psychics,e0eb3e8a-b0fe-4681-dc74-546a02fdd3c0
9052,1507507200,sega naomi 2,sega-naomi-2,1507507200,https://www.igdb.com/categories/sega-naomi-2,3a510c2a-60a9-36cd-0d47-494b0c46d338
9071,1507507200,steelbook,steelbook,1507507200,https://www.igdb.com/categories/steelbook,8b28ccdf-32b8-cd57-5b60-67117d0744d3
6188,1507248000,club nintendo,club-nintendo,1507248000,https://www.igdb.com/categories/club-nintendo,60e126d7-0be5-886f-b361-861744b68448
6210,1507248000,cannibalism,cannibalism,1507248000,https://www.igdb.com/categories/cannibalism,e0568cf6-da3a-bc86-03f9-c23e2d266b60
10897,1509408000,kinect required,kinect-required,1509408000,https://www.igdb.com/categories/kinect-required,b9c570f7-1ffb-848f-3361-42227bb501d0
5941,1507248000,weapons swap,weapons-swap,1507248000,https://www.igdb.com/categories/weapons-swap,78ab2172-2ab9-3696-6f88-2f4b3cda3091
6419,1507248000,compact disc,compact-disc,1507248000,https://www.igdb.com/categories/compact-disc,a61888dd-ca79-99ba-facf-673629081515
4960,1507161600,octopus,octopus,1507161600,https://www.igdb.com/categories/octopus,c5b9cea2-2ac3-2f98-ccca-61698f340ffd
4963,1507161600,abstract art style,abstract-art-style,1507161600,https://www.igdb.com/categories/abstract-art-style,4489d058-40da-939e-cb06-832f02b9cec1
7595,1507248000,connectivity,connectivity,1507248000,https://www.igdb.com/categories/connectivity,bb3905da-3d0f-ae00-ac50-093ef95d85eb
13967,1512777600,reideen,reideen,1512777600,https://www.igdb.com/categories/reideen,df67afd0-50b3-7631-4c25-5b8a38ca09b1
37857,1682351787,will,will,1682351787,https://www.igdb.com/categories/will,ba997df1-cc3f-c6d5-9a0e-2edbf5600335
40233,1698770663,atarisoft,atarisoft,1698770663,https://www.igdb.com/categories/atarisoft,42bf6153-182d-80ec-088d-f4d7014611fd
38942,1689926741,twitter,twitter,1689926741,https://www.igdb.com/categories/twitter,27eff08b-c527-6ef7-2d42-a6c38fcdb556
37858,1682351787,wisps,wisps,1682351787,https://www.igdb.com/categories/wisps,ba32bc73-5605-ea32-c781-1577965cf5c0
6653,1507248000,fire manipulation,fire-manipulation,1507248000,https://www.igdb.com/categories/fire-manipulation,fd0d81e6-5a3b-49fd-b4c7-b126da8970b3
9253,1507680000,bus simulation,bus-simulation,1507680000,https://www.igdb.com/categories/bus-simulation,94131c96-725a-fce2-bb91-98937c6af500
16716,1515542400,rc vehicle,rc-vehicle,1515542400,https://www.igdb.com/categories/rc-vehicle,7894547a-7510-da90-e0c6-189b42007b89
11281,1512691200,tragic villain,tragic-villain,1512691200,https://www.igdb.com/categories/tragic-villain,79e562be-64c0-f157-08fa-576422f2ba75
1290,1414713600,cryptic,cryptic,1414713600,https://www.igdb.com/categories/cryptic,56c03fdd-e26f-5034-c2e1-2514cd82485a
38943,1689931457,research project,research-project,1689931457,https://www.igdb.com/categories/research-project,30cb61fb-77e2-48e4-6046-5cf237402064
5174,1507161600,scary children,scary-children,1507161600,https://www.igdb.com/categories/scary-children,bf57ed8f-1260-7c2c-2f87-5a3a6fd11754
6735,1507248000,first-person platforming,first-person-platforming,1507248000,https://www.igdb.com/categories/first-person-platforming,4108e738-7634-7bce-8ad7-e7cf27a8c6af
11596,1512691200,futuristic game show,futuristic-game-show,1512691200,https://www.igdb.com/categories/futuristic-game-show,3456b80b-0282-085e-bc2b-aa23cd08ae7d
37972,1683483171,cancelled gizmondo games,cancelled-gizmondo-games,1683483171,https://www.igdb.com/categories/cancelled-gizmondo-games,ed4f814a-84d2-e1cb-01ea-4759947ee54e
5142,1507161600,historical figures in fictional settings,historical-figures-in-fictional-settings,1507161600,https://www.igdb.com/categories/historical-figures-in-fictional-settings,5e944bee-9331-8b15-4d45-b16461706a56
7152,1507248000,crow,crow,1507248000,https://www.igdb.com/categories/crow,c417b1c7-a4fd-ea53-2335-d3f5dc454be6
5175,1507212562,female antagonist,female-antagonist,1685427084,https://www.igdb.com/categories/female-antagonist,70fe783e-2e51-143a-c9de-2ed4267a9f61
39745,1695410073,danganronpa fangame,danganronpa-fangame,1695410073,https://www.igdb.com/categories/danganronpa-fangame,f629b9ff-0329-0d51-e1f7-08f3764f7b4d
38944,1689971434,super fx,super-fx,1689971434,https://www.igdb.com/categories/super-fx,ad1137c9-70d0-1cb7-c0df-0ca1b0d6c27e
12681,1512691200,music exportation,music-exportation,1512691200,https://www.igdb.com/categories/music-exportation,66aadeed-4c64-80e6-98f0-f911f0ad1b22
7313,1507248000,monster capturing,monster-capturing,1507248000,https://www.igdb.com/categories/monster-capturing,45027c66-1433-6217-6c27-6402bf424cdb
37861,1682382994,steam deck,steam-deck,1682382994,https://www.igdb.com/categories/steam-deck,0549c395-5745-9e5a-2b28-7c559f82e095
38272,1685563103,tank game,tank-game,1685563103,https://www.igdb.com/categories/tank-game,b83b8d55-69c9-0781-ab4c-7736240cd97a
38722,1688138034,hex grid,hex-grid,1688138034,https://www.igdb.com/categories/hex-grid,91fc4a46-cc4a-8bbe-8a23-9b766e8af65b
39746,1695453237,troll hack,troll-hack,1695453237,https://www.igdb.com/categories/troll-hack,7186b8ac-5f75-1d01-5f8a-573a96e862b8
40243,1698777766,catan,catan,1698777766,https://www.igdb.com/categories/catan,8f5cd824-106b-6711-47a4-063af9981ae5
1699,1439251200,dancing,dancing,1439251200,https://www.igdb.com/categories/dancing,0e49e471-9dd8-14e7-198c-0c7d04735d0c
16891,1518393600,definitive edition,definitive-edition,1518393600,https://www.igdb.com/categories/definitive-edition,115bf21a-dfd4-c48b-8f39-25b174ad9651
16981,1520467200,godot,godot,1520467200,https://www.igdb.com/categories/godot,19492d52-7be0-2a0a-8efe-4d80c635b329
7488,1507248000,optional censorship,optional-censorship,1507248000,https://www.igdb.com/categories/optional-censorship,6aafb9d5-285f-880f-54d3-573e1e924dfd
38723,1688138144,creature collector,creature-collector,1688138144,https://www.igdb.com/categories/creature-collector,ee3a1a8a-4499-eae8-2f6f-d4c31e97994f
6487,1507248000,grind,grind,1507248000,https://www.igdb.com/categories/grind,158a4766-c97f-c522-bcf9-5b31ccde5ce0
38215,1685217942,rage room,rage-room,1685217942,https://www.igdb.com/categories/rage-room,ddb1f6f3-fcca-7412-2797-1bff882f5d95
13066,1512777600,memorial,memorial,1512777600,https://www.igdb.com/categories/memorial,978a22e0-059b-424c-d7b2-c961509b6d07
11680,1512691200,phantom,phantom,1512691200,https://www.igdb.com/categories/phantom,59214a6e-942c-0d27-c7ab-cfb4c662c666
11704,1512691200,journey,journey,1512691200,https://www.igdb.com/categories/journey,4024c2ea-4a5c-d702-b945-7c5399912af7
5486,1507248000,central intelligence agency,central-intelligence-agency,1507248000,https://www.igdb.com/categories/central-intelligence-agency,d8ffffca-777a-72af-f83d-c77edb9e40a5
7593,1507248000,trilogy,trilogy,1507248000,https://www.igdb.com/categories/trilogy,0a63c21a-6bd1-64c1-f915-7b8ce9c4f829
5355,1507248000,combat dialogue,combat-dialogue,1507248000,https://www.igdb.com/categories/combat-dialogue,b444cb1e-c97a-bb53-e78f-66539a9b56c4
6498,1507248000,reset button,reset-button,1507248000,https://www.igdb.com/categories/reset-button,0a10dc39-2d58-88fb-6807-c34c63c2f664
37863,1682408417,gba bootlegs,gba-bootlegs,1682408417,https://www.igdb.com/categories/gba-bootlegs,1e1a8081-d18a-8e94-6b78-1af67fde159a
38274,1685586421,level creation,level-creation,1685586421,https://www.igdb.com/categories/level-creation,7ef9b2b4-fc61-3277-1bab-f9e7a3ab0840
38724,1688161917,cryptograms,cryptograms,1688161917,https://www.igdb.com/categories/cryptograms,c6741fd7-7431-da1f-e736-2da11dd6f5a4
39339,1692374123,magnets,magnets,1692374123,https://www.igdb.com/categories/magnets,aa50e84c-26e4-cd88-1250-3ec8290a3980
37975,1683549144,gizmondo,gizmondo,1683549144,https://www.igdb.com/categories/gizmondo,f9201b5e-de7b-12c5-1749-2cc7af016163
5908,1507248000,versus screen,versus-screen,1507248000,https://www.igdb.com/categories/versus-screen,b734804b-7753-d480-46eb-c6ef0b83051e
9076,1507507200,sega naomi,sega-naomi,1507507200,https://www.igdb.com/categories/sega-naomi,b7a95f9f-696f-4c0e-45ec-7a92a3953372
38726,1688161917,codes,codes,1688161917,https://www.igdb.com/categories/codes,a2d0b1a5-3b5b-98a8-bac8-83ff86a89cf5
37918,1682799883,deep web,deep-web,1682799883,https://www.igdb.com/categories/deep-web,d0f5f46d-2b1c-c0df-1337-5c0272867542
38081,1684497636,pengo,pengo,1684497636,https://www.igdb.com/categories/pengo,99509e93-ae0e-4c1f-1215-8aae03a028a5
38275,1685590716,sonic fangame,sonic-fangame,1685590716,https://www.igdb.com/categories/sonic-fangame,a05acf8a-0fc8-bebf-734c-5dab2e42a02a
38725,1688161917,prose,prose,1688161917,https://www.igdb.com/categories/prose,e131279c-e0e0-fc40-a87d-8b768db6922d
10740,1507766400,gamecube,gamecube,1507766400,https://www.igdb.com/categories/gamecube,d045e9e9-a482-cac4-e540-ed82b7fa80f5
8906,1507507200,boar,boar,1507507200,https://www.igdb.com/categories/boar,668b2b4a-6481-5df8-af88-4b798c8c981c
1935,1442361600,dog,dog,1442361600,https://www.igdb.com/categories/dog,38957e65-78e7-af47-bf6a-85c0eb0a8076
13121,1512777600,e3 1997,e3-1997,1512777600,https://www.igdb.com/categories/e3-1997,21bc2957-948e-f383-7cdc-ffec3a89e32f
9181,1507680000,friendship,friendship,1507680000,https://www.igdb.com/categories/friendship,0797c008-0986-d737-a4ae-c9701bc9f637
17271,1528848000,norse,norse,1528848000,https://www.igdb.com/categories/norse,6fae4ead-eb9f-4c7b-1829-db8f5b2f8227
9273,1507680000,running gag,running-gag,1507680000,https://www.igdb.com/categories/running-gag,aef91853-0afb-d83a-53aa-4c81def01cb2
37865,1682446616,drag,drag,1682446616,https://www.igdb.com/categories/drag,240648b4-8df9-9a40-8f05-1d1600b52661
10868,1508976000,free game,free-game,1508976000,https://www.igdb.com/categories/free-game,56889993-880d-69ab-6033-071530cc6c4c
13030,1512777600,starfleet,starfleet,1512777600,https://www.igdb.com/categories/starfleet,a022a45e-8a54-5f54-8c25-b6e54192efdc
9321,1507680000,nuclear war,nuclear-war,1507680000,https://www.igdb.com/categories/nuclear-war,b21ca7cf-252b-377f-1372-c46aa96c8827
1961,1443744000,nudity,nudity,1443744000,https://www.igdb.com/categories/nudity,ff17af33-95fc-77c4-1b69-a6a12a989d3c
5640,1507248000,achievement attempt detection,achievement-attempt-detection,1507248000,https://www.igdb.com/categories/achievement-attempt-detection,5ec1173e-982b-4aff-44ed-ebf0531926c5
9996,1507680000,wall building,wall-building,1507680000,https://www.igdb.com/categories/wall-building,b7f49130-9e22-2116-6dd4-9c139a81bf7a
3433,1488499200,horse riding,horse-riding,1488499200,https://www.igdb.com/categories/horse-riding,7935f274-7383-ab49-b6fc-3813aad7d030
7454,1507248000,slideshow cutscene,slideshow-cutscene,1507248000,https://www.igdb.com/categories/slideshow-cutscene,bd9985e3-4f45-6688-f728-fd449cffba86
18537,1528848000,sword fighting,sword-fighting,1528848000,https://www.igdb.com/categories/sword-fighting,5bc7b6b2-04ed-5842-9e56-c92fd47d0448
38221,1685243111,naruto,naruto,1685243111,https://www.igdb.com/categories/naruto,3a4d5b02-b8a2-8ecc-6d7a-67306d3434b3
37866,1682449337,chi bi,chi-bi,1682449337,https://www.igdb.com/categories/chi-bi,010f7215-3c2c-bf20-0cb1-7e802177cb9d
2425,1464772462,crowdfunding - kickstarter,crowdfunding-kickstarter,1685982734,https://www.igdb.com/categories/crowdfunding-kickstarter,8d9b15d7-be77-cf2e-a985-2ee2a21b0fd9
9628,1507680000,class change,class-change,1507680000,https://www.igdb.com/categories/class-change,2775f55f-2b7d-88e0-74e6-16308a5e0001
3486,1489017600,boss fight,boss-fight,1489017600,https://www.igdb.com/categories/boss-fight,97b18933-f6e1-4349-aa5c-9258fff75fbd
11414,1512691200,dolphin diving,dolphin-diving,1512691200,https://www.igdb.com/categories/dolphin-diving,c07c1317-8981-91f5-af5c-dff4122543df
6645,1507248000,colony,colony,1507248000,https://www.igdb.com/categories/colony,c5247ac0-3f69-0c99-7b6f-8e9a92aba095
11434,1512691200,sega forever,sega-forever,1512691200,https://www.igdb.com/categories/sega-forever,f84e154a-26ff-e447-a048-5993509a65e0
5451,1507248000,cover system,cover-system,1507248000,https://www.igdb.com/categories/cover-system,6f5e0fd1-7201-b19a-c6d0-9f0637472627
5460,1507248000,game developers choice awards 2016,game-developers-choice-awards-2016,1507248000,https://www.igdb.com/categories/game-developers-choice-awards-2016,a9272483-ebfa-57ba-eda8-59040b587995
7460,1507248000,game developers choice awards 2015,game-developers-choice-awards-2015,1507248000,https://www.igdb.com/categories/game-developers-choice-awards-2015,c982c625-4cad-86fa-f44d-39ad4cc1a652
10269,1507766400,nomads,nomads,1507766400,https://www.igdb.com/categories/nomads,0221b6f1-b39b-ea07-10b5-11791dd043da
37867,1682468261,gb-studio,gb-studio,1682468261,https://www.igdb.com/categories/gb-studio,a061eb8b-3af6-53ae-0162-ab8e2a2e7422
38729,1688180988,josei,josei,1688180988,https://www.igdb.com/categories/josei,f6e92ca0-171b-e339-d6cc-98203d3be8d6
38085,1684507007,underground,underground,1684507007,https://www.igdb.com/categories/underground,42459234-bf67-6152-ca88-208a311c1982
10533,1507766400,crossword puzzles,crossword-puzzles,1507766400,https://www.igdb.com/categories/crossword-puzzles,738ee832-fded-507b-541e-46c3dd841f96
11212,1512691200,virtual boy,virtual-boy,1512691200,https://www.igdb.com/categories/virtual-boy,b9153521-4979-40ab-b2cf-ffa2759b7b15
37868,1682472375,enemy rush,enemy-rush,1682472375,https://www.igdb.com/categories/enemy-rush,ff0131c9-ad78-b0f9-a464-71d68608b174
37981,1683589210,petanque,petanque,1683589210,https://www.igdb.com/categories/petanque,445f0c72-24b5-91ad-66e9-c5b261b79675
38279,1685652240,chico bento,chico-bento,1685652240,https://www.igdb.com/categories/chico-bento,3afcb7a9-2cda-7ae0-a7c3-be8784a1db9c
38280,1685652240,orkut games,orkut-games,1685652240,https://www.igdb.com/categories/orkut-games,fde31f45-6466-f89f-33df-8e4ebd19fdfc
38088,1684522649,spinoff,spinoff,1684522649,https://www.igdb.com/categories/spinoff,b6c28225-006a-2cae-aad2-bff45878f7d7
5628,1507248000,water level,water-level,1507248000,https://www.igdb.com/categories/water-level,9f025362-6989-6bf0-a7d2-38045bfd559a
8399,1507420800,drowzee,drowzee,1507420800,https://www.igdb.com/categories/drowzee,e6a1b39f-a5ae-432b-3e19-3bd10013a263
11549,1512691200,games for windows - live,games-for-windows-live,1512691200,https://www.igdb.com/categories/games-for-windows-live,3f28d490-4b9b-f6e0-ad7c-97dedc1c9934
11478,1512691200,remote play,remote-play,1512691200,https://www.igdb.com/categories/remote-play,77ef3d21-7c94-73fa-bc1b-618ecf209f30
11818,1512691200,infinite pockets,infinite-pockets,1512691200,https://www.igdb.com/categories/infinite-pockets,b2266062-e634-4dec-1f14-78e16bc74bfe
8844,1507507200,tomboy,tomboy,1507507200,https://www.igdb.com/categories/tomboy,9b8efa5a-a3d9-b4a5-1fbf-18e02990545b
